Workbook
Name rate: 'דוח החזר'!$K$4:$L$9
Name RATELI: 'דוח החזר'!$G$4:$H$10

Sheet דוח נסיעה לחו"ל 
A1: דו"ח נסיעה לחו"ל
A3: שם החברה/העסק:
A4: שם הנוסע:
A5: תפקיד:
A6: מטרת הנסיעה:
C8: ימי שהייה עסקיים
B9: יעדי הנסיעה | C9: מ תאריך - | D9: עד תאריך | E9: סה"כ ימים
A10: 1 | C10: ='דוח החזר'!E12 | D10: ='דוח החזר'!F12 | E10: ='דוח החזר'!G12
A11: 2 | E11: ='דוח החזר'!G13
A12: 3 | E12: ='דוח החזר'!G14
A14: סה"כ ימי שהייה בחו"ל: | B14: =SUM(E10:E12) -> 0
B17: הוצאות עבור: | C17: סכום ההוצאה בשקלים | D17: סכום ההוצאה במט"ח
B18: טיסות | C18: =SUMIFS('Jonathan Zvi Shmuely – China – 2026-03-23'!G:G,'Jonathan Zvi Shmuely – China – 2026-03-23'!B:B,B18) -> #N/A | D18: =C18/VLOOKUP("USD",RATELI,2,0) -> #N/A
B19: נסיעות בתחבורה ציבורית | C19: =SUMIFS('Jonathan Zvi Shmuely – China – 2026-03-23'!G:G,'Jonathan Zvi Shmuely – China – 2026-03-23'!B:B,B19) -> #N/A | D19: =C19/VLOOKUP("USD",RATELI,2,0) -> #N/A
B20: לינה ללא ארוחות | C20: =SUMIFS('Jonathan Zvi Shmuely – China – 2026-03-23'!G:G,'Jonathan Zvi Shmuely – China – 2026-03-23'!B:B,B20) -> #N/A | D20: =C20/VLOOKUP("USD",RATELI,2,0) -> #N/A
B21: השכרת רכב | C21: =SUMIFS('Jonathan Zvi Shmuely – China – 2026-03-23'!G:G,'Jonathan Zvi Shmuely – China – 2026-03-23'!B:B,B21) -> #N/A | D21: =C21/VLOOKUP("USD",RATELI,2,0) -> #N/A
B22: אירוח אורחים בחול | C22: =SUMIFS('Jonathan Zvi Shmuely – China – 2026-03-23'!G:G,'Jonathan Zvi Shmuely – China – 2026-03-23'!B:B,B22) -> #N/A | D22: =C22/VLOOKUP("USD",RATELI,2,0) -> #N/A
B23: תקשורת | C23: =SUMIFS('Jonathan Zvi Shmuely – China – 2026-03-23'!G:G,'Jonathan Zvi Shmuely – China – 2026-03-23'!B:B,B23) -> #N/A | D23: =C23/VLOOKUP("USD",RATELI,2,0) -> #N/A
B24: ארוחות | C24: =SUMIFS('Jonathan Zvi Shmuely – China – 2026-03-23'!G:G,'Jonathan Zvi Shmuely – China – 2026-03-23'!B:B,B24) -> #N/A | D24: =C24/VLOOKUP("USD",RATELI,2,0) -> #N/A
B25: הוצאות שונות | C25: =SUMIFS('Jonathan Zvi Shmuely – China – 2026-03-23'!G:G,'Jonathan Zvi Shmuely – China – 2026-03-23'!B:B,B25) -> #N/A | D25: =C25/VLOOKUP("USD",RATELI,2,0) -> #N/A
B26: ללא קבלות | C26: =SUMIFS('Jonathan Zvi Shmuely – China – 2026-03-23'!G:G,'Jonathan Zvi Shmuely – China – 2026-03-23'!B:B,B26) -> #N/A | D26: =C26/VLOOKUP("USD",RATELI,2,0) -> #N/A
B27: סה"כ הוצאות | C27: =SUM(C18:C26) -> #N/A | D27: =SUM(D18:D26) -> #N/A

Sheet דוח החזר
C1: דו"ח החזר הוצאות
D3: שנת הדו"ח: | G3: מטבע | H3: שער המרה | J3: טבלה ממויינת תמידית לVLOOKUP
D4: 2026 | G4: ILS | H4: 1 | J4: 1 | K4: =CONCATENATE(J4,G4) -> 1ILS | L4: =+H4 -> 1
G5: RMB | H5: 0.45 | J5: 2 | K5: =CONCATENATE(J5,G5) -> 2RMB | L5: =+H5 -> 0.45
G6: HKD | H6: 0.477
C7: שם + משפחה | G7: USD | H7: 3.44 | J7: 3 | K7: =CONCATENATE(J7,G7) -> 3USD | L7: =+H7 -> 3.44
G8: THB | H8: 0.092
C9: תפקיד | G9: CNY | H9: 0.45 | J9: 5 | K9: =CONCATENATE(J9,G9) -> 5CNY | L9: =+H9 -> 0.45
C11: מדינה | D11: מטרת הנסיעה | E11: מיום | F11: עד יום | G11: ימי שהייה עסקיים | H11: הערות
C15: פרוט הוצאות
C17: טיסות
C18: תאריך | D18: יעדים | E18: סוג מטבע | F18: סכום | G18: בש"ח | H18: שולם ע"י (**) | I18: אסמכתא
B19: טיסות | G19: =IF(E19="","",IF(F19="","",(VLOOKUP(E19,RATELI,2,0)*F19))) | H19: כ. אשראי חברה
B20: טיסות | G20: =IF(E20="","",IF(F20="","",(VLOOKUP(E20,RATELI,2,0)*F20)))
B21: טיסות | G21: =IF(E21="","",IF(F21="","",(VLOOKUP(E21,RATELI,2,0)*F21)))
F22: סה"כ בש"ח | G22: =SUM(G19:G21) -> 0
E23: שולם על ידי | F23: העובד | G23: =SUMIF(H19:H21,"העובד",G19:G21) -> 0
E24: שולם ב | F24: כ. אשראי חברה | G24: =SUMIF(H19:H21,"כ. אשראי חברה",G19:G21) -> 0
C26: נסיעות בתחבורה ציבורית
C27: תאריך | D27: סוג ההוצאה (מונית/רכבת/אוטובוס/השכרת רכב/דלק/חניה) | E27: סוג מטבע | F27: סכום | G27: בש"ח | H27: שולם ע"י (**) | I27: אסמכתא
B28: נסיעות בתחבורה ציבורית
B29: נסיעות בתחבורה ציבורית
B30: נסיעות בתחבורה ציבורית
B31: נסיעות בתחבורה ציבורית
B32: נסיעות בתחבורה ציבורית
B33: נסיעות בתחבורה ציבורית
B34: נסיעות בתחבורה ציבורית
B35: נסיעות בתחבורה ציבורית
B36: נסיעות בתחבורה ציבורית
B37: נסיעות בתחבורה ציבורית
B38: נסיעות בתחבורה ציבורית
B39: נסיעות בתחבורה ציבורית
... B79: נסיעות בתחבורה ציבורית
F80: סה"כ בש"ח | G80: =SUM(G28:G79) -> 0
E81: שולם על ידי | F81: העובד | G81: =SUMIF(H28:H79,"העובד",G28:G79) -> 0
E82: שולם ב | F82: כ. אשראי חברה | G82: =SUMIF(H28:H79,"כ. אשראי חברה",G28:G79) -> 0
C84: לינה ללא ארוחות
C85: תאריך | D85: יעדים | E85: סוג מטבע | F85: סכום | G85: בש"ח | H85: שולם ע"י (**) | I85: אסמכתא
B86: לינה ללא ארוחות | G86: =IF(E86="","",IF(F86="","",(VLOOKUP(E86,RATELI,2,0)*F86))) | H86: כ. אשראי חברה
B87: לינה ללא ארוחות | G87: =IF(E87="","",IF(F87="","",(VLOOKUP(E87,RATELI,2,0)*F87)))
B88: לינה ללא ארוחות | G88: =IF(E88="","",IF(F88="","",(VLOOKUP(E88,RATELI,2,0)*F88)))
B89: לינה ללא ארוחות | G89: =IF(E89="","",IF(F89="","",(VLOOKUP(E89,RATELI,2,0)*F89)))
F90: סה"כ בש"ח | G90: =SUM(G86:G89) -> 0
E91: שולם על ידי | F91: העובד | G91: =SUMIF(H86:H89,"העובד",G86:G89) -> 0
E92: שולם ב | F92: כ. אשראי חברה | G92: =SUMIF(H86:H89,"כ. אשראי חברה",G86:G89) -> 0
C94: השכרת רכב
C95: תאריך | D95: סוג ההוצאה (מונית/רכבת/אוטובוס/השכרת רכב/דלק/חניה) | E95: סוג מטבע | F95: סכום | G95: בש"ח | H95: שולם ע"י (**) | I95: אסמכתא
B96: השכרת רכב | C96: =IFERROR(__xludf.DUMMYFUNCTION("QUERY( RAW!$A$7:$E$1054, ""select Col1, Col5, Col4, Col3 where Col2 contains '"" & C94 & ""'"", 0 ) "),"#N/A") -> #N/A | G96: =IF(E96="","",IF(F96="","",(VLOOKUP(E96,RATELI,2,0)*F96))) | H96: העובד
B97: השכרת רכב | G97: =IF(E97="","",IF(F97="","",(VLOOKUP(E97,RATELI,2,0)*F97))) | H97: העובד
F98: סה"כ בש"ח | G98: =SUM(G96:G97) -> 0
E99: שולם על ידי | F99: העובד | G99: =SUMIF(H96:H97,"העובד",G96:G97) -> 0
E100: שולם ב | F100: כ. אשראי חברה | G100: =SUMIF(H96:H97,"כ. אשראי חברה",G96:G97) -> 0
C102: אירוח אורחים בחול
C103: תאריך | E103: סוג מטבע | F103: סכום | G103: בש"ח | H103: שולם ע"י (**) | I103: אסמכתא
B104: אירוח אורחים בחול | C104: =IFERROR(__xludf.DUMMYFUNCTION("QUERY( RAW!$A$7:$E$1054, ""select Col1, Col5, Col4, Col3 where Col2 contains '"" & C102 & ""'"", 0 ) "),"#N/A") -> #N/A | G104: =IF(E104="","",IF(F104="","",(VLOOKUP(E104,RATELI,2,0)*F104))) | H104: העובד
B105: אירוח אורחים בחול | G105: =IF(E105="","",IF(F105="","",(VLOOKUP(E105,RATELI,2,0)*F105)))
B106: אירוח אורחים בחול | G106: =IF(E106="","",IF(F106="","",(VLOOKUP(E106,RATELI,2,0)*F106)))
B107: אירוח אורחים בחול | G107: =IF(E107="","",IF(F107="","",(VLOOKUP(E107,RATELI,2,0)*F107)))
B108: אירוח אורחים בחול | G108: =IF(E108="","",IF(F108="","",(VLOOKUP(E108,RATELI,2,0)*F108)))
B109: אירוח אורחים בחול | G109: =IF(E109="","",IF(F109="","",(VLOOKUP(E109,RATELI,2,0)*F109)))
F110: סה"כ בש"ח | G110: =SUM(G104:G109) -> 0
E111: שולם על ידי | F111: העובד | G111: =SUMIF(H104:H109,"העובד",G104:G109) -> 0
E112: שולם ב | F112: כ. אשראי חברה | G112: =SUMIF(H107:H109,"כ. אשראי חברה",G107:G109) -> 0
C114: תקשורת
C115: תאריך | E115: סוג מטבע | F115: סכום | G115: בש"ח | H115: שולם ע"י (**) | I115: אסמכתא
B116: תקשורת | C116: =IFERROR(__xludf.DUMMYFUNCTION("QUERY( RAW!$A$7:$E$1054, ""select Col1, Col5, Col4, Col3 where Col2 contains '"" & C114 & ""'"", 0 ) "),"#N/A") -> #N/A | G116: =IF(E116="","",IF(F116="","",(VLOOKUP(E116,RATELI,2,0)*F116))) | H116: העובד
B117: תקשורת | G117: =IF(E117="","",IF(F117="","",(VLOOKUP(E117,RATELI,2,0)*F117)))
B118: תקשורת | G118: =IF(E118="","",IF(F118="","",(VLOOKUP(E118,RATELI,2,0)*F118)))
F119: סה"כ בש"ח | G119: =SUM(G116:G118) -> 0
E120: שולם על ידי | F120: העובד | G120: =SUMIF(H116:H118,"העובד ",G116:G118) -> 0
E121: שולם ב | F121: כ. אשראי חברה | G121: =SUMIF(H116:H118,"כ. אשראי חברה",G116:G118) -> 0
C123: ארוחות
C124: תאריך | D124: פירוט | E124: סוג מטבע | F124: סכום | G124: בש"ח | H124: שולם ע"י (**) | I124: אסמכתא
C125: =IFERROR(__xludf.DUMMYFUNCTION("QUERY( RAW!$A$7:$E$1054, ""select Col1, Col5, Col4, Col3 where Col2 contains '"" & C123 & ""'"", 0 ) "),"#N/A") -> #N/A | G125: =IF(E125="","",IF(F125="","",(VLOOKUP(E125,RATELI,2,0)*F125))) | H125: העובד
B126: ארוחות | G126: =IF(E126="","",IF(F126="","",(VLOOKUP(E126,RATELI,2,0)*F126))) | H126: העובד
B127: ארוחות | G127: =IF(E127="","",IF(F127="","",(VLOOKUP(E127,RATELI,2,0)*F127))) | H127: העובד
B128: ארוחות | G128: =IF(E128="","",IF(F128="","",(VLOOKUP(E128,RATELI,2,0)*F128))) | H128: העובד
B129: ארוחות | G129: =IF(E129="","",IF(F129="","",(VLOOKUP(E129,RATELI,2,0)*F129))) | H129: העובד
B130: ארוחות | G130: =IF(E130="","",IF(F130="","",(VLOOKUP(E130,RATELI,2,0)*F130))) | H130: העובד
B131: ארוחות | G131: =IF(E131="","",IF(F131="","",(VLOOKUP(E131,RATELI,2,0)*F131))) | H131: העובד
B132: ארוחות | G132: =IF(E132="","",IF(F132="","",(VLOOKUP(E132,RATELI,2,0)*F132))) | H132: העובד
B133: ארוחות | G133: =IF(E133="","",IF(F133="","",(VLOOKUP(E133,RATELI,2,0)*F133))) | H133: העובד
B134: ארוחות | G134: =IF(E134="","",IF(F134="","",(VLOOKUP(E134,RATELI,2,0)*F134))) | H134: העובד
B135: ארוחות | G135: =IF(E135="","",IF(F135="","",(VLOOKUP(E135,RATELI,2,0)*F135))) | H135: העובד
B136: ארוחות | G136: =IF(E136="","",IF(F136="","",(VLOOKUP(E136,RATELI,2,0)*F136))) | H136: העובד
B137: ארוחות | G137: =IF(E137="","",IF(F137="","",(VLOOKUP(E137,RATELI,2,0)*F137))) | H137: העובד
... B157: ארוחות | G157: =IF(E157="","",IF(F157="","",(VLOOKUP(E157,RATELI,2,0)*F157))) | H157: העובד
F158: סה"כ בש"ח | G158: =SUM(G125:G157) -> 0
E159: שולם על ידי | F159: העובד | G159: =SUMIF(H125:H157,"העובד",G125:G157) -> 0
E160: שולם ב | F160: כ. אשראי חברה | G160: =SUMIF(H125:H157,"כ. אשראי חברה",G125:G157) -> 0
C164: הוצאות שונות
C165: תאריך | D165: פירוט | E165: סוג מטבע | F165: סכום | G165: בש"ח | H165: שולם ע"י (**) | I165: אסמכתא
C166: =IFERROR(__xludf.DUMMYFUNCTION("QUERY( RAW!$A$7:$E$1054, ""select Col1, Col5, Col4, Col3 where Col2 contains '"" & C164 & ""'"", 0 ) "),"#N/A") -> #N/A | G166: =IF(E166="","",IF(F166="","",(VLOOKUP(E166,RATELI,2,0)*F166))) | H166: העובד
G167: =IF(E167="","",IF(F167="","",(VLOOKUP(E167,RATELI,2,0)*F167))) | H167: העובד
G168: =IF(E168="","",IF(F168="","",(VLOOKUP(E168,RATELI,2,0)*F168))) | H168: העובד
G169: =IF(E169="","",IF(F169="","",(VLOOKUP(E169,RATELI,2,0)*F169))) | H169: העובד
G170: =IF(E170="","",IF(F170="","",(VLOOKUP(E170,RATELI,2,0)*F170))) | H170: העובד
G171: =IF(E171="","",IF(F171="","",(VLOOKUP(E171,RATELI,2,0)*F171))) | H171: העובד
G172: =IF(E172="","",IF(F172="","",(VLOOKUP(E172,RATELI,2,0)*F172))) | H172: העובד
G173: =IF(E173="","",IF(F173="","",(VLOOKUP(E173,RATELI,2,0)*F173))) | H173: העובד
...

Sheet RAW
A1: date | B1: category | C1: amount | D1: currency | E1: description | F1: payment_method | G1: city | H1: country | I1: filename | J1: drive_url | K1: raw_text | L1: אסמכתא
A2: 46105 | B2: ארוחות | C2: 434 | D2: THB | E2: Suvarnabhumi McThai (McDonald's) | F2: העובד | J2: https://drive.google.com/file/d/1adgbLjfOdnyEzlwc2hTAArNNei2L3ZIH/view?usp=drivesdk | L2: =HYPERLINK("https://drive.google.com/file/d/1adgbLjfOdnyEzlwc2hTAArNNei2L3ZIH/view?usp=drivesdk","קבלה") -> קבלה
A3: 45379 | B3: נסיעות בתחבורה ציבורית | C3: 48 | D3: CNY | E3: China Ride Hail | F3: העובד | J3: https://drive.google.com/file/d/1p9D-Ts-Rq4oIypvl8MPNM5bdBIYWiAj-/view?usp=drivesdk | L3: =HYPERLINK("https://drive.google.com/file/d/1p9D-Ts-Rq4oIypvl8MPNM5bdBIYWiAj-/view?usp=drivesdk","קבלה") -> קבלה
A4: 46108 | B4: ארוחות | C4: 15.9 | D4: CNY | E4: China Jiajia Department Store | F4: העובד | J4: https://drive.google.com/file/d/1sVHrneZaeaoV4BVhTd2XtP0xGD_NFBZi/view?usp=drivesdk | L4: =HYPERLINK("https://drive.google.com/file/d/1sVHrneZaeaoV4BVhTd2XtP0xGD_NFBZi/view?usp=drivesdk","קבלה") -> קבלה
A5: 46132 | B5: ארוחות | C5: 680.9 | D5: THB | E5: Bangkok KOH HOP BAR ZONE F | F5: העובד | J5: https://drive.google.com/file/d/1jHLu4JBhozeGPpIBob6GbR06Fu13P0Te/view?usp=drivesdk | L5: =HYPERLINK("https://drive.google.com/file/d/1jHLu4JBhozeGPpIBob6GbR06Fu13P0Te/view?usp=drivesdk","קבלה") -> קבלה
A6: 45408 | B6: טיסות | C6: 339 | D6: USD | E6: Guangzhou China Southern Airlines | F6: העובד | J6: https://drive.google.com/file/d/1rCEMZOXZPqkBNyrctDHArxYFLnHHWJW7/view?usp=drivesdk | L6: =HYPERLINK("https://drive.google.com/file/d/1rCEMZOXZPqkBNyrctDHArxYFLnHHWJW7/view?usp=drivesdk","קבלה") -> קבלה

Sheet droplist
A1: New categories
A2: טיסות
A3: נסיעות בתחבורה ציבורית
A4: לינה ללא ארוחות
A5: השכרת רכב
A6: אירוח אורחים בחול
A7: תקשורת
A8: ארוחות
A9: הוצאות שונות
A10: ללא קבלות
